epoch,accuracy,auc,loss,val_accuracy,val_auc,val_loss
0,0.6044114232063293,0.8973534107208252,1.2049684524536133,0.745881199836731,0.9536815881729126,0.9031673073768616
1,0.7132573127746582,0.9478743672370911,0.9463880658149719,0.7558662295341492,0.9603016972541809,0.8626102209091187
2,0.7493089437484741,0.9599858522415161,0.8660599589347839,0.7463804483413696,0.9572522640228271,0.880301296710968
3,0.777297854423523,0.9674709439277649,0.8097513914108276,0.7423864006996155,0.9571807980537415,0.8750752806663513
4,0.7941142320632935,0.9723439812660217,0.7684993147850037,0.7758362293243408,0.9663437604904175,0.8110266327857971
5,0.8252130746841431,0.9788321852684021,0.7106720209121704,0.7793310284614563,0.9688725471496582,0.7862383127212524
6,0.8309145569801331,0.9802142977714539,0.6957165002822876,0.7823265194892883,0.9681548476219177,0.7881485223770142
7,0.8317784070968628,0.980963945388794,0.6892714500427246,0.7853220105171204,0.9686802625656128,0.7825743556022644
8,0.8362128734588623,0.9822034239768982,0.6761240363121033,0.7803295254707336,0.9677088260650635,0.7897635102272034
9,0.840474545955658,0.9825507402420044,0.6727185845375061,0.7903145551681519,0.9689897894859314,0.7793105840682983
10,0.8434116840362549,0.9827101230621338,0.6673288345336914,0.7848227620124817,0.9686504602432251,0.7812507748603821
11,0.8439875841140747,0.983510434627533,0.6616190075874329,0.7923115491867065,0.9701688289642334,0.767343282699585
12,0.8503801226615906,0.9844517111778259,0.6504769921302795,0.7903145551681519,0.970115065574646,0.7674477696418762
13,0.8537203669548035,0.9849417209625244,0.6441950798034668,0.7838242650032043,0.9696662425994873,0.7700898051261902
14,0.8583275675773621,0.9856430292129517,0.635185956954956,0.7898153066635132,0.9694123864173889,0.7721765637397766
15,0.8587307333946228,0.9857850074768066,0.6345424056053162,0.785821259021759,0.9695456027984619,0.7708554267883301
16,0.858212411403656,0.9856431484222412,0.6355252861976624,0.7938092947006226,0.9701636433601379,0.7650492191314697
17,0.8647201061248779,0.9862141609191895,0.6279699206352234,0.7958062887191772,0.970221996307373,0.7650630474090576
18,0.8650656342506409,0.986825704574585,0.62111496925354,0.7943085432052612,0.9710948467254639,0.7572904229164124
19,0.8659294843673706,0.9867510795593262,0.6206810474395752,0.7973040342330933,0.9708301424980164,0.758731484413147
20,0.8191084861755371,0.9778689742088318,0.7183517217636108,0.7768347263336182,0.9672222137451172,0.7948529720306396
21,0.8280349969863892,0.9794071316719055,0.7035183310508728,0.7903145551681519,0.9700616002082825,0.7742807269096375
22,0.8305689692497253,0.98035728931427,0.694506049156189,0.782825767993927,0.9688385128974915,0.7822501063346863
23,0.8348882794380188,0.9822483658790588,0.676188051700592,0.7808287739753723,0.967467188835144,0.7935969829559326
24,0.8240036964416504,0.9784738421440125,0.7133464813232422,0.7833250164985657,0.9680269360542297,0.7913936376571655
